filename,filepath,category
_DSC6289.jpg,images/Nature/แปลงกัญชา มข/_DSC6289.jpg,Nature
_DSC6291.jpg,images/Nature/แปลงกัญชา มข/_DSC6291.jpg,Nature
_DSC6294.jpg,images/Nature/แปลงกัญชา มข/_DSC6294.jpg,Nature
_DSC6297.jpg,images/Nature/แปลงกัญชา มข/_DSC6297.jpg,Nature
_DSC6308.jpg,images/Nature/แปลงกัญชา มข/_DSC6308.jpg,Nature
_DSC6337.jpg,images/Nature/แปลงกัญชา มข/_DSC6337.jpg,Nature
_DSC6339.jpg,images/Nature/แปลงกัญชา มข/_DSC6339.jpg,Nature
_DSC6342.jpg,images/Nature/แปลงกัญชา มข/_DSC6342.jpg,Nature
_DSC6344.jpg,images/Nature/แปลงกัญชา มข/_DSC6344.jpg,Nature
_DSC6406.JPG,images/Nature/แปลงกัญชา มข/_DSC6406.JPG,Nature
_DSC6408.jpg,images/Nature/แปลงกัญชา มข/_DSC6408.jpg,Nature
_DSC6426.jpg,images/Nature/แปลงกัญชา มข/_DSC6426.jpg,Nature
_DSC6428.jpg,images/Nature/แปลงกัญชา มข/_DSC6428.jpg,Nature
_DSC6434.jpg,images/Nature/แปลงกัญชา มข/_DSC6434.jpg,Nature
_DSC6443.jpg,images/Nature/แปลงกัญชา มข/_DSC6443.jpg,Nature
_DSC6446.JPG,images/Nature/แปลงกัญชา มข/_DSC6446.JPG,Nature
