filename,filepath,category,width,height,DateTimeDigitized
_DSC6289.jpg,images/Nature/แปลงกัญชา มข/_DSC6289.jpg,Nature,5299,3533,2021:10:18 09:30:50
_DSC6291.jpg,images/Nature/แปลงกัญชา มข/_DSC6291.jpg,Nature,5520,3680,2021:10:18 09:31:08
_DSC6294.jpg,images/Nature/แปลงกัญชา มข/_DSC6294.jpg,Nature,5359,3573,2021:10:18 09:32:20
_DSC6297.jpg,images/Nature/แปลงกัญชา มข/_DSC6297.jpg,Nature,5147,3431,2021:10:18 09:32:51
_DSC6308.jpg,images/Nature/แปลงกัญชา มข/_DSC6308.jpg,Nature,5467,3645,2021:10:18 09:35:18
_DSC6337.jpg,images/Nature/แปลงกัญชา มข/_DSC6337.jpg,Nature,5520,3680,2021:10:18 09:59:37
_DSC6339.jpg,images/Nature/แปลงกัญชา มข/_DSC6339.jpg,Nature,5520,3680,2021:10:18 09:59:46
_DSC6342.jpg,images/Nature/แปลงกัญชา มข/_DSC6342.jpg,Nature,5299,3533,2021:10:18 09:59:50
_DSC6344.jpg,images/Nature/แปลงกัญชา มข/_DSC6344.jpg,Nature,5512,3675,2021:10:18 10:00:35
_DSC6406.JPG,images/Nature/แปลงกัญชา มข/_DSC6406.JPG,Nature,5520,3680,2021:10:18 10:12:58
_DSC6408.jpg,images/Nature/แปลงกัญชา มข/_DSC6408.jpg,Nature,5520,3680,2021:10:18 10:14:11
_DSC6426.jpg,images/Nature/แปลงกัญชา มข/_DSC6426.jpg,Nature,5520,3680,2021:10:18 10:18:54
_DSC6428.jpg,images/Nature/แปลงกัญชา มข/_DSC6428.jpg,Nature,5520,3680,2021:10:18 10:18:58
_DSC6434.jpg,images/Nature/แปลงกัญชา มข/_DSC6434.jpg,Nature,5119,3413,2021:10:18 10:19:52
_DSC6443.jpg,images/Nature/แปลงกัญชา มข/_DSC6443.jpg,Nature,5426,3617,2021:10:18 10:22:05
_DSC6446.JPG,images/Nature/แปลงกัญชา มข/_DSC6446.JPG,Nature,5520,3680,2021:10:18 10:22:09
