filename,filepath,category,width,height
_DSC5859.jpg,images/Portrait/นวัตกรรมนักศึกษาวิศวะ มข/_DSC5859.jpg,Portrait,5248,3499
_DSC5864.jpg,images/Portrait/นวัตกรรมนักศึกษาวิศวะ มข/_DSC5864.jpg,Portrait,5377,3585
_DSC5970.jpg,images/Portrait/นวัตกรรมนักศึกษาวิศวะ มข/_DSC5970.jpg,Portrait,5053,3369
_DSC6123.jpg,images/Portrait/นวัตกรรมนักศึกษาวิศวะ มข/_DSC6123.jpg,Portrait,5244,3496
_DSC6178.jpg,images/Portrait/นวัตกรรมนักศึกษาวิศวะ มข/_DSC6178.jpg,Portrait,5443,3629
_DSC6226.jpg,images/Portrait/นวัตกรรมนักศึกษาวิศวะ มข/_DSC6226.jpg,Portrait,5439,3626
_DSC6238.jpg,images/Portrait/นวัตกรรมนักศึกษาวิศวะ มข/_DSC6238.jpg,Portrait,4996,3331
_DSC6250.jpg,images/Portrait/นวัตกรรมนักศึกษาวิศวะ มข/_DSC6250.jpg,Portrait,5111,3407
_DSC6257.jpg,images/Portrait/นวัตกรรมนักศึกษาวิศวะ มข/_DSC6257.jpg,Portrait,4876,3251
_DSC6275.jpg,images/Portrait/นวัตกรรมนักศึกษาวิศวะ มข/_DSC6275.jpg,Portrait,3482,3482
_DSC6280.jpg,images/Portrait/นวัตกรรมนักศึกษาวิศวะ มข/_DSC6280.jpg,Portrait,4873,3249
